﻿<?xml version="1.0" encoding="utf-8"?>
<Catalogs Version="1.0">
  <MetaDataScheme><MetaDataPlusBackup version="1.0"><MetaClass><Namespace>Mediachase.Commerce.Catalog.System</Namespace><Name>CatalogEntry</Name><FriendlyName>Catalog Entry</FriendlyName><MetaClassType>System</MetaClassType><ParentClass></ParentClass><TableName>CatalogEntry</TableName><Description>CatalogEntry Class</Description><IsSystem>True</IsSystem><IsAbstract>False</IsAbstract><FieldListChangedSqlScript></FieldListChangedSqlScript><Tag></Tag><Attributes></Attributes></MetaClass><MetaClass><Namespace>Mediachase.Commerce.Catalog.User</Namespace><Name>BlueRay_Variant</Name><FriendlyName>BlueRayVariant</FriendlyName><MetaClassType>User</MetaClassType><ParentClass>CatalogEntry</ParentClass><TableName>CatalogEntryEx_BlueRay_Variant</TableName><Description></Description><IsSystem>False</IsSystem><IsAbstract>False</IsAbstract><FieldListChangedSqlScript></FieldListChangedSqlScript><Tag></Tag><Attributes></Attributes></MetaClass><MetaClass><Namespace>Mediachase.Commerce.Catalog.User</Namespace><Name>CatalogEntryEx</Name><FriendlyName>Default Catalog Entry</FriendlyName><MetaClassType>User</MetaClassType><ParentClass>CatalogEntry</ParentClass><TableName>CatalogEntryEx</TableName><Description>Catalog Entry Extended Class</Description><IsSystem>False</IsSystem><IsAbstract>False</IsAbstract><FieldListChangedSqlScript></FieldListChangedSqlScript><Tag></Tag><Attributes></Attributes></MetaClass><MetaClass><Namespace>Mediachase.Commerce.Catalog.System</Namespace><Name>CatalogNode</Name><FriendlyName>Catalog Node</FriendlyName><MetaClassType>System</MetaClassType><ParentClass></ParentClass><TableName>CatalogNode</TableName><Description>Contains basic information about catalog nodes</Description><IsSystem>True</IsSystem><IsAbstract>False</IsAbstract><FieldListChangedSqlScript></FieldListChangedSqlScript><Tag></Tag><Attributes></Attributes></MetaClass><MetaClass><Namespace>Mediachase.Commerce.Catalog.User</Namespace><Name>CatalogNodeEx</Name><FriendlyName>Default Catalog Node</FriendlyName><MetaClassType>User</MetaClassType><ParentClass>CatalogNode</ParentClass><TableName>CatalogNodeEx</TableName><Description>Catalog Node Extended Class</Description><IsSystem>False</IsSystem><IsAbstract>False</IsAbstract><FieldListChangedSqlScript></FieldListChangedSqlScript><Tag></Tag><Attributes></Attributes></MetaClass><MetaClass><Namespace>Mediachase.Commerce.Catalog.User</Namespace><Name>DVD_Variation</Name><FriendlyName>DVDVariation</FriendlyName><MetaClassType>User</MetaClassType><ParentClass>CatalogEntry</ParentClass><TableName>CatalogEntryEx_DVD_Variation</TableName><Description></Description><IsSystem>False</IsSystem><IsAbstract>False</IsAbstract><FieldListChangedSqlScript></FieldListChangedSqlScript><Tag></Tag><Attributes></Attributes></MetaClass><MetaClass><Namespace>Mediachase.Commerce.Catalog.User</Namespace><Name>Genre_Node</Name><FriendlyName>Genre Node</FriendlyName><MetaClassType>User</MetaClassType><ParentClass>CatalogNode</ParentClass><TableName>CatalogNodeEx_Genre_Node</TableName><Description></Description><IsSystem>False</IsSystem><IsAbstract>False</IsAbstract><FieldListChangedSqlScript></FieldListChangedSqlScript><Tag></Tag><Attributes></Attributes></MetaClass><MetaClass><Namespace>Mediachase.Commerce.Catalog.User</Namespace><Name>Movie_Node</Name><FriendlyName>MovieNode</FriendlyName><MetaClassType>User</MetaClassType><ParentClass>CatalogNode</ParentClass><TableName>CatalogNodeEx_Movie_Node</TableName><Description></Description><IsSystem>False</IsSystem><IsAbstract>False</IsAbstract><FieldListChangedSqlScript></FieldListChangedSqlScript><Tag></Tag><Attributes></Attributes></MetaClass><MetaClass><Namespace>Mediachase.Commerce.Catalog.User</Namespace><Name>Movie_Product</Name><FriendlyName>MovieProduct</FriendlyName><MetaClassType>User</MetaClassType><ParentClass>CatalogEntry</ParentClass><TableName>CatalogEntryEx_Movie_Product</TableName><Description></Description><IsSystem>False</IsSystem><IsAbstract>False</IsAbstract><FieldListChangedSqlScript></FieldListChangedSqlScript><Tag></Tag><Attributes></Attributes></MetaClass><MetaClass><Namespace>Mediachase.Commerce.Catalog.User</Namespace><Name>VHS_Variation</Name><FriendlyName>VHSVariation</FriendlyName><MetaClassType>User</MetaClassType><ParentClass>CatalogEntry</ParentClass><TableName>CatalogEntryEx_VHS_Variation</TableName><Description></Description><IsSystem>False</IsSystem><IsAbstract>False</IsAbstract><FieldListChangedSqlScript></FieldListChangedSqlScript><Tag></Tag><Attributes></Attributes></MetaClass><MetaField><Namespace>Mediachase.Commerce.Catalog</Namespace><Name>_ExcludedCatalogEntryMarkets</Name><FriendlyName>Catalog Entry Market Exclusions</FriendlyName><Description>Catalog Entry Market Exclusions</Description><DataType>EnumMultiValue</DataType><Length>4</Length><AllowNulls>True</AllowNulls><SaveHistory>False</SaveHistory><AllowSearch>True</AllowSearch><MultiLanguageValue>False</MultiLanguageValue><IsSystem>False</IsSystem><Tag></Tag><Attributes></Attributes><OwnerMetaClass>CatalogEntryEx</OwnerMetaClass><OwnerMetaClass>BlueRay_Variant</OwnerMetaClass><OwnerMetaClass>VHS_Variation</OwnerMetaClass><OwnerMetaClass>DVD_Variation</OwnerMetaClass><OwnerMetaClass>Movie_Product</OwnerMetaClass><Dictionary>DEFAULT</Dictionary></MetaField><MetaField><Namespace>Mediachase.Commerce.Catalog</Namespace><Name>Adult</Name><FriendlyName>Adult</FriendlyName><Description></Description><DataType>Boolean</DataType><Length>1</Length><AllowNulls>True</AllowNulls><SaveHistory>False</SaveHistory><AllowSearch>False</AllowSearch><MultiLanguageValue>False</MultiLanguageValue><IsSystem>False</IsSystem><Tag></Tag><Attributes></Attributes><OwnerMetaClass>Movie_Product</OwnerMetaClass></MetaField><MetaField><Namespace>Mediachase.Commerce.Catalog</Namespace><Name>DisplayName</Name><FriendlyName>Display Name</FriendlyName><Description></Description><DataType>ShortString</DataType><Length>512</Length><AllowNulls>True</AllowNulls><SaveHistory>False</SaveHistory><AllowSearch>True</AllowSearch><MultiLanguageValue>True</MultiLanguageValue><IsSystem>False</IsSystem><Tag></Tag><Attributes><Attribute><Key>includeindefaultsearch</Key><Value>True</Value></Attribute><Attribute><Key>indexfield</Key><Value>tokenized</Value></Attribute><Attribute><Key>useincomparing</Key><Value>True</Value></Attribute></Attributes><OwnerMetaClass>CatalogNodeEx</OwnerMetaClass><OwnerMetaClass>BlueRay_Variant</OwnerMetaClass><OwnerMetaClass>VHS_Variation</OwnerMetaClass><OwnerMetaClass>DVD_Variation</OwnerMetaClass><OwnerMetaClass>Movie_Node</OwnerMetaClass><OwnerMetaClass>Movie_Product</OwnerMetaClass><OwnerMetaClass>Genre_Node</OwnerMetaClass></MetaField><MetaField><Namespace>Mediachase.Commerce.Catalog</Namespace><Name>Epi_IsPublished</Name><FriendlyName>Is published</FriendlyName><Description>Flag to indicate whether the content language is published or not.</Description><DataType>Boolean</DataType><Length>1</Length><AllowNulls>False</AllowNulls><SaveHistory>False</SaveHistory><AllowSearch>True</AllowSearch><MultiLanguageValue>True</MultiLanguageValue><IsSystem>False</IsSystem><Tag></Tag><Attributes></Attributes><OwnerMetaClass>CatalogNodeEx</OwnerMetaClass><OwnerMetaClass>CatalogEntryEx</OwnerMetaClass><OwnerMetaClass>BlueRay_Variant</OwnerMetaClass><OwnerMetaClass>VHS_Variation</OwnerMetaClass><OwnerMetaClass>DVD_Variation</OwnerMetaClass><OwnerMetaClass>Movie_Node</OwnerMetaClass><OwnerMetaClass>Movie_Product</OwnerMetaClass><OwnerMetaClass>Genre_Node</OwnerMetaClass></MetaField><MetaField><Namespace>Mediachase.Commerce.Catalog</Namespace><Name>Epi_StartPublish</Name><FriendlyName>Start publish date</FriendlyName><Description>Start publish date that indicate the content is available or not.</Description><DataType>DateTime</DataType><Length>8</Length><AllowNulls>True</AllowNulls><SaveHistory>False</SaveHistory><AllowSearch>True</AllowSearch><MultiLanguageValue>True</MultiLanguageValue><IsSystem>False</IsSystem><Tag></Tag><Attributes></Attributes><OwnerMetaClass>CatalogNodeEx</OwnerMetaClass><OwnerMetaClass>CatalogEntryEx</OwnerMetaClass><OwnerMetaClass>BlueRay_Variant</OwnerMetaClass><OwnerMetaClass>VHS_Variation</OwnerMetaClass><OwnerMetaClass>DVD_Variation</OwnerMetaClass><OwnerMetaClass>Movie_Node</OwnerMetaClass><OwnerMetaClass>Movie_Product</OwnerMetaClass><OwnerMetaClass>Genre_Node</OwnerMetaClass></MetaField><MetaField><Namespace>Mediachase.Commerce.Catalog</Namespace><Name>Epi_StopPublish</Name><FriendlyName>Stop publish date</FriendlyName><Description>Stop publish date that indicate the content is expired or not.</Description><DataType>DateTime</DataType><Length>8</Length><AllowNulls>True</AllowNulls><SaveHistory>False</SaveHistory><AllowSearch>True</AllowSearch><MultiLanguageValue>True</MultiLanguageValue><IsSystem>False</IsSystem><Tag></Tag><Attributes></Attributes><OwnerMetaClass>CatalogNodeEx</OwnerMetaClass><OwnerMetaClass>CatalogEntryEx</OwnerMetaClass><OwnerMetaClass>BlueRay_Variant</OwnerMetaClass><OwnerMetaClass>VHS_Variation</OwnerMetaClass><OwnerMetaClass>DVD_Variation</OwnerMetaClass><OwnerMetaClass>Movie_Node</OwnerMetaClass><OwnerMetaClass>Movie_Product</OwnerMetaClass><OwnerMetaClass>Genre_Node</OwnerMetaClass></MetaField><MetaField><Namespace>Mediachase.Commerce.Catalog</Namespace><Name>ImdbId</Name><FriendlyName>Imdb id</FriendlyName><Description></Description><DataType>LongString</DataType><Length>16</Length><AllowNulls>True</AllowNulls><SaveHistory>False</SaveHistory><AllowSearch>False</AllowSearch><MultiLanguageValue>False</MultiLanguageValue><IsSystem>False</IsSystem><Tag></Tag><Attributes></Attributes><OwnerMetaClass>Movie_Product</OwnerMetaClass></MetaField><MetaField><Namespace>Mediachase.Commerce.Catalog</Namespace><Name>OriginalTitle</Name><FriendlyName>Original title</FriendlyName><Description></Description><DataType>LongString</DataType><Length>16</Length><AllowNulls>True</AllowNulls><SaveHistory>False</SaveHistory><AllowSearch>False</AllowSearch><MultiLanguageValue>False</MultiLanguageValue><IsSystem>False</IsSystem><Tag></Tag><Attributes></Attributes><OwnerMetaClass>Movie_Product</OwnerMetaClass></MetaField><MetaField><Namespace>Mediachase.Commerce.Catalog</Namespace><Name>Popularity</Name><FriendlyName>Popularity</FriendlyName><Description></Description><DataType>Float</DataType><Length>8</Length><AllowNulls>True</AllowNulls><SaveHistory>False</SaveHistory><AllowSearch>False</AllowSearch><MultiLanguageValue>False</MultiLanguageValue><IsSystem>False</IsSystem><Tag></Tag><Attributes></Attributes><OwnerMetaClass>Movie_Product</OwnerMetaClass></MetaField><MetaField><Namespace>Mediachase.Commerce.Catalog</Namespace><Name>ReleaseDate</Name><FriendlyName>ReleaseDate</FriendlyName><Description></Description><DataType>DateTime</DataType><Length>8</Length><AllowNulls>True</AllowNulls><SaveHistory>False</SaveHistory><AllowSearch>False</AllowSearch><MultiLanguageValue>False</MultiLanguageValue><IsSystem>False</IsSystem><Tag></Tag><Attributes></Attributes><OwnerMetaClass>Movie_Product</OwnerMetaClass></MetaField><MetaField><Namespace>Mediachase.Commerce.Catalog</Namespace><Name>Summery</Name><FriendlyName>Summery</FriendlyName><Description></Description><DataType>LongString</DataType><Length>16</Length><AllowNulls>True</AllowNulls><SaveHistory>False</SaveHistory><AllowSearch>False</AllowSearch><MultiLanguageValue>False</MultiLanguageValue><IsSystem>False</IsSystem><Tag></Tag><Attributes></Attributes><OwnerMetaClass>Movie_Product</OwnerMetaClass></MetaField><MetaField><Namespace>Mediachase.Commerce.Catalog</Namespace><Name>TheMovieDbId</Name><FriendlyName>TheMovieDb id</FriendlyName><Description></Description><DataType>LongString</DataType><Length>16</Length><AllowNulls>True</AllowNulls><SaveHistory>False</SaveHistory><AllowSearch>False</AllowSearch><MultiLanguageValue>False</MultiLanguageValue><IsSystem>False</IsSystem><Tag></Tag><Attributes></Attributes><OwnerMetaClass>Movie_Product</OwnerMetaClass></MetaField><MetaField><Namespace>Mediachase.Commerce.Catalog</Namespace><Name>Title</Name><FriendlyName>Title</FriendlyName><Description></Description><DataType>LongString</DataType><Length>16</Length><AllowNulls>True</AllowNulls><SaveHistory>False</SaveHistory><AllowSearch>False</AllowSearch><MultiLanguageValue>False</MultiLanguageValue><IsSystem>False</IsSystem><Tag></Tag><Attributes></Attributes><OwnerMetaClass>Movie_Product</OwnerMetaClass></MetaField></MetaDataPlusBackup></MetaDataScheme>
  <Dictionaries>
    <Merchants />
    <Packages />
    <TaxCategories />
    <Warehouses>
      <Warehouse>
        <Name>Default Warehouse</Name>
        <IsActive>True</IsActive>
        <IsPrimary>True</IsPrimary>
        <SortOrder>0</SortOrder>
        <Code>default</Code>
        <IsFulfillmentCenter>True</IsFulfillmentCenter>
        <IsPickupLocation>True</IsPickupLocation>
        <IsDeliveryLocation>False</IsDeliveryLocation>
        <FirstName />
        <LastName />
        <Organization />
        <Line1 />
        <Line2 />
        <City />
        <State />
        <CountryCode />
        <CountryName />
        <PostalCode />
        <RegionCode />
        <RegionName />
        <DaytimePhoneNumber />
        <EveningPhoneNumber />
        <FaxNumber />
        <Email />
      </Warehouse>
    </Warehouses>
    <AssociationTypes>
      <AssociationType>
        <TypeId>OPTIONAL</TypeId>
        <Description>Optional</Description>
      </AssociationType>
      <AssociationType>
        <TypeId>REQUIRED</TypeId>
        <Description>Required</Description>
      </AssociationType>
    </AssociationTypes>
    <Markets>
      <Market>
        <MarketId>DEFAULT</MarketId>
        <IsEnabled>True</IsEnabled>
        <MarketName>Default Market</MarketName>
        <MarketDescription>Default Market</MarketDescription>
        <DefaultLanguage>en</DefaultLanguage>
        <DefaultCurrency>USD</DefaultCurrency>
        <PricesIncludeTax>False</PricesIncludeTax>
        <Currencies>
          <Currency>USD</Currency>
        </Currencies>
        <Languages>
          <Language>en</Language>
        </Languages>
        <Countries>
          <Country>USA</Country>
        </Countries>
      </Market>
    </Markets>
  </Dictionaries>
  <Catalog name="MoveCatalog" lastmodified="2019-10-20 19:19:08Z" startDate="2019-10-20 19:18:59Z" endDate="2029-10-20 19:18:59Z" defaultCurrency="USD" weightBase="kgs" lengthBase="cm" defaultLanguage="en" sortOrder="1" isActive="True">
    <Guid>5810e3ea-4a60-4941-9f13-596021552a31</Guid>
    <Languages>
      <Language>
        <LanguageCode>en</LanguageCode>
        <UriSegment>movecatalog</UriSegment>
      </Language>
    </Languages>
    <Nodes totalCount="2">
      <Node>
        <Name>Movie</Name>
        <StartDate>2019-10-20 19:19:24Z</StartDate>
        <EndDate>2029-10-20 19:19:24Z</EndDate>
        <IsActive>True</IsActive>
        <SortOrder>0</SortOrder>
        <DisplayTemplate>default</DisplayTemplate>
        <Code>Movie_1</Code>
        <Guid>f3630c23-1fb4-4986-ab40-853e4f7d034f</Guid>
        <MetaData>
          <MetaClass>
            <Name>Movie_Node</Name>
          </MetaClass>
          <MetaFields>
            <MetaField>
              <Name>DisplayName</Name>
              <Type>ShortString</Type>
              <Data language="en" value="Movie" />
            </MetaField>
            <MetaField>
              <Name>Epi_IsPublished</Name>
              <Type>Boolean</Type>
              <Data language="en" value="True" />
            </MetaField>
            <MetaField>
              <Name>Epi_StartPublish</Name>
              <Type>DateTime</Type>
              <Data language="en" value="2019-10-20 19:19:24Z" />
            </MetaField>
            <MetaField>
              <Name>Epi_StopPublish</Name>
              <Type>DateTime</Type>
              <Data language="en" value="2029-10-20 19:19:24Z" />
            </MetaField>
          </MetaFields>
        </MetaData>
        <ParentNode />
        <SeoInfo>
          <Seo>
            <LanguageCode>en</LanguageCode>
            <Uri>Movie-en.aspx</Uri>
            <Title />
            <Description />
            <Keywords />
            <UriSegment>movie</UriSegment>
          </Seo>
        </SeoInfo>
      </Node>
      <Node>
        <Name>Fantasy</Name>
        <StartDate>2019-11-10 15:06:18Z</StartDate>
        <EndDate>2029-11-10 15:06:18Z</EndDate>
        <IsActive>True</IsActive>
        <SortOrder>0</SortOrder>
        <DisplayTemplate>default</DisplayTemplate>
        <Code>Fantasy_1</Code>
        <Guid>17208af9-bcb1-4552-bc1d-e631fda92eb7</Guid>
        <MetaData>
          <MetaClass>
            <Name>Genre_Node</Name>
          </MetaClass>
          <MetaFields>
            <MetaField>
              <Name>DisplayName</Name>
              <Type>ShortString</Type>
              <Data language="en" value="Fantasy" />
            </MetaField>
            <MetaField>
              <Name>Epi_IsPublished</Name>
              <Type>Boolean</Type>
              <Data language="en" value="True" />
            </MetaField>
            <MetaField>
              <Name>Epi_StartPublish</Name>
              <Type>DateTime</Type>
              <Data language="en" value="2019-11-10 15:06:18Z" />
            </MetaField>
            <MetaField>
              <Name>Epi_StopPublish</Name>
              <Type>DateTime</Type>
              <Data language="en" value="2029-11-10 15:06:18Z" />
            </MetaField>
          </MetaFields>
        </MetaData>
        <ParentNode>Movie_1</ParentNode>
        <SeoInfo>
          <Seo>
            <LanguageCode>en</LanguageCode>
            <Uri>Fantasy-en.aspx</Uri>
            <Title />
            <Description />
            <Keywords />
            <UriSegment>fantasy</UriSegment>
          </Seo>
        </SeoInfo>
      </Node>
    </Nodes>
    <Entries totalCount="3">
      <Entry>
        <Name>Star Wars</Name>
        <StartDate>2019-10-20 19:19:48Z</StartDate>
        <EndDate>2029-10-20 19:19:48Z</EndDate>
        <IsActive>True</IsActive>
        <DisplayTemplate>default</DisplayTemplate>
        <Code>Star-Wars_1</Code>
        <EntryType>Product</EntryType>
        <Guid>1b77cc1c-4e38-4650-9068-b363f53938ce</Guid>
        <MetaData>
          <MetaClass>
            <Name>Movie_Product</Name>
          </MetaClass>
          <MetaFields>
            <MetaField>
              <Name>_ExcludedCatalogEntryMarkets</Name>
              <Type>EnumMultiValue</Type>
              <Data language="en"></Data>
            </MetaField>
            <MetaField>
              <Name>Adult</Name>
              <Type>Boolean</Type>
              <Data language="en" value="" />
            </MetaField>
            <MetaField>
              <Name>DisplayName</Name>
              <Type>ShortString</Type>
              <Data language="en" value="Star Wars" />
            </MetaField>
            <MetaField>
              <Name>Epi_IsPublished</Name>
              <Type>Boolean</Type>
              <Data language="en" value="True" />
            </MetaField>
            <MetaField>
              <Name>Epi_StartPublish</Name>
              <Type>DateTime</Type>
              <Data language="en" value="2019-10-20 19:19:48Z" />
            </MetaField>
            <MetaField>
              <Name>Epi_StopPublish</Name>
              <Type>DateTime</Type>
              <Data language="en" value="2029-10-20 19:19:48Z" />
            </MetaField>
            <MetaField>
              <Name>ImdbId</Name>
              <Type>LongString</Type>
              <Data language="en" value="1234" />
            </MetaField>
            <MetaField>
              <Name>OriginalTitle</Name>
              <Type>LongString</Type>
              <Data language="en" value="Oridinal title" />
            </MetaField>
            <MetaField>
              <Name>Popularity</Name>
              <Type>Float</Type>
              <Data language="en" value="0.4" />
            </MetaField>
            <MetaField>
              <Name>ReleaseDate</Name>
              <Type>DateTime</Type>
              <Data language="en" value="" />
            </MetaField>
            <MetaField>
              <Name>Summery</Name>
              <Type>LongString</Type>
              <Data language="en" value="this is the summery" />
            </MetaField>
            <MetaField>
              <Name>TheMovieDbId</Name>
              <Type>LongString</Type>
              <Data language="en" value="4321" />
            </MetaField>
            <MetaField>
              <Name>Title</Name>
              <Type>LongString</Type>
              <Data language="en" value="" />
            </MetaField>
          </MetaFields>
        </MetaData>
        <WarehouseInventories />
        <Prices />
        <SeoInfo>
          <Seo>
            <LanguageCode>en</LanguageCode>
            <Uri>Star-Wars-en.aspx</Uri>
            <Title>Star Wars</Title>
            <Description>Princess Leia is captured and held hostage by the evil Imperial forces in their effort to take over the galactic Empire. Venturesome Luke Skywalker and dashing captain Han Solo team together with the loveable robot duo R2-D2 and C-3PO to rescue the beautiful princess and restore peace and justice in the Empire.</Description>
            <Keywords />
            <UriSegment>star-wars</UriSegment>
          </Seo>
        </SeoInfo>
      </Entry>
      <Entry>
        <Name>Starwars BlueRay</Name>
        <StartDate>2019-10-20 19:21:12Z</StartDate>
        <EndDate>2029-10-20 19:21:12Z</EndDate>
        <IsActive>True</IsActive>
        <DisplayTemplate>default</DisplayTemplate>
        <Code>BlueRay_1</Code>
        <EntryType>Variation</EntryType>
        <Guid>10e2a7f3-5b92-478b-9363-50ba8177482b</Guid>
        <MetaData>
          <MetaClass>
            <Name>BlueRay_Variant</Name>
          </MetaClass>
          <MetaFields>
            <MetaField>
              <Name>_ExcludedCatalogEntryMarkets</Name>
              <Type>EnumMultiValue</Type>
              <Data language="en"></Data>
            </MetaField>
            <MetaField>
              <Name>DisplayName</Name>
              <Type>ShortString</Type>
              <Data language="en" value="Starwars BlueRay" />
            </MetaField>
            <MetaField>
              <Name>Epi_IsPublished</Name>
              <Type>Boolean</Type>
              <Data language="en" value="True" />
            </MetaField>
            <MetaField>
              <Name>Epi_StartPublish</Name>
              <Type>DateTime</Type>
              <Data language="en" value="2019-10-20 19:21:12Z" />
            </MetaField>
            <MetaField>
              <Name>Epi_StopPublish</Name>
              <Type>DateTime</Type>
              <Data language="en" value="2029-10-20 19:21:12Z" />
            </MetaField>
          </MetaFields>
        </MetaData>
        <VariationInfo>
          <Variation>
            <MaxQuantity>0.000000000</MaxQuantity>
            <MinQuantity>0.000000000</MinQuantity>
            <TrackInventory>False</TrackInventory>
            <Weight>0</Weight>
            <Length>0</Length>
            <Height>0</Height>
            <Width>0</Width>
          </Variation>
        </VariationInfo>
        <WarehouseInventories />
        <Prices />
        <SeoInfo>
          <Seo>
            <LanguageCode>en</LanguageCode>
            <Uri>BlueRay-en.aspx</Uri>
            <Title />
            <Description />
            <Keywords />
            <UriSegment>blueray</UriSegment>
          </Seo>
        </SeoInfo>
      </Entry>
      <Entry>
        <Name>Starwars DVD</Name>
        <StartDate>2019-10-20 19:21:31Z</StartDate>
        <EndDate>2029-10-20 19:21:31Z</EndDate>
        <IsActive>True</IsActive>
        <DisplayTemplate>default</DisplayTemplate>
        <Code>DVD_1</Code>
        <EntryType>Variation</EntryType>
        <Guid>06a65f63-cc7d-45fc-92ec-8eb205493696</Guid>
        <MetaData>
          <MetaClass>
            <Name>DVD_Variation</Name>
          </MetaClass>
          <MetaFields>
            <MetaField>
              <Name>_ExcludedCatalogEntryMarkets</Name>
              <Type>EnumMultiValue</Type>
              <Data language="en"></Data>
            </MetaField>
            <MetaField>
              <Name>DisplayName</Name>
              <Type>ShortString</Type>
              <Data language="en" value="Starwars DVD" />
            </MetaField>
            <MetaField>
              <Name>Epi_IsPublished</Name>
              <Type>Boolean</Type>
              <Data language="en" value="True" />
            </MetaField>
            <MetaField>
              <Name>Epi_StartPublish</Name>
              <Type>DateTime</Type>
              <Data language="en" value="2019-10-20 19:21:31Z" />
            </MetaField>
            <MetaField>
              <Name>Epi_StopPublish</Name>
              <Type>DateTime</Type>
              <Data language="en" value="2029-10-20 19:21:31Z" />
            </MetaField>
          </MetaFields>
        </MetaData>
        <VariationInfo>
          <Variation>
            <MaxQuantity>0.000000000</MaxQuantity>
            <MinQuantity>0.000000000</MinQuantity>
            <TrackInventory>False</TrackInventory>
            <Weight>0</Weight>
            <Length>0</Length>
            <Height>0</Height>
            <Width>0</Width>
          </Variation>
        </VariationInfo>
        <WarehouseInventories />
        <Prices />
        <SeoInfo>
          <Seo>
            <LanguageCode>en</LanguageCode>
            <Uri>DVD-en.aspx</Uri>
            <Title />
            <Description />
            <Keywords />
            <UriSegment>dvd</UriSegment>
          </Seo>
        </SeoInfo>
      </Entry>
    </Entries>
    <Relations>
      <NodeEntryRelation>
        <EntryCode>Star-Wars_1</EntryCode>
        <NodeCode>Movie_1</NodeCode>
        <SortOrder>100</SortOrder>
        <IsPrimary>True</IsPrimary>
      </NodeEntryRelation>
      <NodeEntryRelation>
        <EntryCode>Star-Wars_1</EntryCode>
        <NodeCode>Fantasy_1</NodeCode>
        <SortOrder>100</SortOrder>
        <IsPrimary>False</IsPrimary>
      </NodeEntryRelation>
      <NodeEntryRelation>
        <EntryCode>BlueRay_1</EntryCode>
        <NodeCode>Movie_1</NodeCode>
        <SortOrder>200</SortOrder>
        <IsPrimary>True</IsPrimary>
      </NodeEntryRelation>
      <NodeEntryRelation>
        <EntryCode>DVD_1</EntryCode>
        <NodeCode>Movie_1</NodeCode>
        <SortOrder>300</SortOrder>
        <IsPrimary>True</IsPrimary>
      </NodeEntryRelation>
      <EntryRelation>
        <ParentEntryCode>Star-Wars_1</ParentEntryCode>
        <ChildEntryCode>BlueRay_1</ChildEntryCode>
        <RelationType>ProductVariation</RelationType>
        <Quantity>0.000000000</Quantity>
        <GroupName>Default</GroupName>
        <SortOrder>100</SortOrder>
      </EntryRelation>
      <EntryRelation>
        <ParentEntryCode>Star-Wars_1</ParentEntryCode>
        <ChildEntryCode>DVD_1</ChildEntryCode>
        <RelationType>ProductVariation</RelationType>
        <Quantity>0.000000000</Quantity>
        <GroupName>Default</GroupName>
        <SortOrder>200</SortOrder>
      </EntryRelation>
    </Relations>
    <Associations />
  </Catalog>
</Catalogs>